sample_id,student_area,candidate_canteen,canteen_area,canteen_type,meal_time,weekday,is_weekend,weather,course_pressure,time_pressure,hungry_level,budget,distance_level,queue_level,taste_diversity,price_level,visitor_flow,public_open,online_reputation_score,choose_canteen
S0001,医学部,桂园小食,文理学部,风味食堂,lunch,4,0,cloudy,5,3,1,12,4,4,5,3,5,1,4.6,0
S0002,信息学部,梅园CBD,文理学部,商业/风味餐饮,dinner,1,0,cloudy,1,2,4,18,3,4,5,4,5,1,4.6,0
S0003,文理学部,桂园食堂,文理学部,学生大伙食堂,lunch,7,1,cloudy,3,2,3,12,1,4,4,2,3,0,4.1,1
S0004,文理学部,湖滨学生食堂,文理学部,学生大伙食堂,dinner,6,1,hot,2,3,4,20,1,4,3,2,2,0,4.2,1
S0005,文理学部,枫园学生食堂,文理学部,学生大伙食堂,lunch,6,1,sunny,4,2,3,18,2,4,4,2,2,0,4.2,1
S0006,医学部,桂园食堂,文理学部,学生大伙食堂,breakfast,5,0,sunny,3,5,2,20,4,4,5,2,3,0,4.5,0
S0007,文理学部,桂园小食,文理学部,风味食堂,dinner,1,0,cold,4,3,4,18,1,4,5,3,5,1,4.4,0
S0008,文理学部,桂园食堂,文理学部,学生大伙食堂,breakfast,2,0,cloudy,5,3,3,15,1,2,4,2,3,0,4.2,1
S0009,信息学部,信息学部二食堂,信息学部,学生大伙食堂,lunch,6,1,sunny,3,2,4,20,2,3,4,2,1,0,4.3,1
S0010,文理学部,工学部一食堂,工学部,学生大伙食堂,lunch,4,0,cloudy,2,4,3,30,3,4,4,2,1,0,4.2,0
S0011,文理学部,桂园食堂,文理学部,学生大伙食堂,dinner,6,1,cloudy,4,4,3,18,1,4,5,2,3,0,4.3,0
S0012,文理学部,湖滨风味食堂,文理学部,风味食堂,lunch,3,0,cloudy,3,3,4,30,1,5,3,3,4,1,3.9,1
S0013,工学部,桂园小食,文理学部,风味食堂,lunch,6,1,cold,2,4,2,20,3,5,5,3,5,1,4.5,0
S0014,文理学部,桂园食堂,文理学部,学生大伙食堂,dinner,1,0,hot,1,1,3,12,1,3,4,2,3,0,4.1,0
S0015,文理学部,枫园风味食堂,文理学部,风味食堂,lunch,5,0,sunny,5,3,3,20,1,5,5,3,4,1,4.1,1
S0016,文理学部,枫园风味食堂,文理学部,风味食堂,lunch,4,0,hot,2,1,2,18,2,5,3,3,4,1,3.9,1
S0017,文理学部,梅园学生食堂,文理学部,学生大伙食堂,lunch,4,0,cloudy,4,4,3,12,2,4,4,2,2,0,4.2,1
S0018,信息学部,枫园学生食堂,文理学部,学生大伙食堂,breakfast,5,0,sunny,1,4,4,10,3,4,3,2,2,0,4.4,0
S0019,文理学部,医学部杏园食堂,医学部,学生大伙食堂,lunch,6,1,hot,3,3,2,15,4,3,2,2,1,0,3.7,0
S0020,信息学部,梅园学生食堂,文理学部,学生大伙食堂,dinner,3,0,cloudy,4,3,4,15,3,3,5,2,2,0,4.3,0
S0021,医学部,桂园食堂,文理学部,学生大伙食堂,dinner,5,0,sunny,4,3,5,18,4,4,3,2,3,0,4.3,0
S0022,文理学部,梅园学生食堂,文理学部,学生大伙食堂,lunch,1,0,cold,1,5,2,35,2,3,4,2,2,0,4.5,1
S0023,医学部,桂园小食,文理学部,风味食堂,lunch,7,1,rainy,1,3,3,30,3,5,5,3,5,1,4.6,0
S0024,文理学部,梅园学生食堂,文理学部,学生大伙食堂,lunch,5,0,sunny,3,3,2,15,1,5,4,2,2,0,4.6,1
S0025,文理学部,医学部杏园食堂,医学部,学生大伙食堂,lunch,3,0,cloudy,5,3,5,10,3,3,4,2,1,0,3.8,0
S0026,文理学部,梅园学生食堂,文理学部,学生大伙食堂,dinner,3,0,cloudy,4,1,3,18,2,3,3,2,2,0,4.6,1
S0027,文理学部,信息学部一食堂,信息学部,学生大伙食堂,dinner,6,1,sunny,3,4,2,15,3,2,5,2,1,0,4.1,0
S0028,医学部,枫园学生食堂,文理学部,学生大伙食堂,breakfast,1,0,rainy,1,2,3,25,4,4,3,2,2,0,4.3,0
S0029,文理学部,梅园学生食堂,文理学部,学生大伙食堂,lunch,5,0,cold,3,2,4,20,1,4,3,2,2,0,4.5,0
S0030,文理学部,信息学部二食堂,信息学部,学生大伙食堂,dinner,5,0,cold,2,3,3,35,3,2,4,2,1,0,4.0,0
S0031,工学部,桂园食堂,文理学部,学生大伙食堂,breakfast,7,1,cloudy,2,5,4,10,4,3,4,2,3,0,4.4,0
S0032,医学部,梅园学生食堂,文理学部,学生大伙食堂,dinner,1,0,sunny,1,5,3,30,3,4,4,2,2,0,4.2,0
S0033,信息学部,梅园学生食堂,文理学部,学生大伙食堂,lunch,5,0,sunny,5,3,2,25,3,3,3,2,2,0,4.2,0
S0034,文理学部,桂园小食,文理学部,风味食堂,dinner,3,0,cloudy,1,2,5,30,2,4,4,3,5,1,4.7,1
S0035,医学部,信息学部二食堂,信息学部,学生大伙食堂,lunch,3,0,sunny,4,4,4,18,3,4,4,2,1,0,4.1,0
S0036,文理学部,信息学部二食堂,信息学部,学生大伙食堂,lunch,2,0,rainy,3,1,4,35,3,4,4,2,1,0,3.9,0
S0037,信息学部,枫园风味食堂,文理学部,风味食堂,lunch,3,0,sunny,4,5,3,10,4,4,5,3,4,1,4.2,0
S0038,医学部,信息学部二食堂,信息学部,学生大伙食堂,lunch,3,0,cloudy,4,1,3,35,3,2,4,2,1,0,4.1,0
S0039,文理学部,湖滨学生食堂,文理学部,学生大伙食堂,lunch,1,0,sunny,2,1,2,30,1,4,3,2,2,0,3.8,0
S0040,文理学部,桂园小食,文理学部,风味食堂,breakfast,6,1,rainy,1,4,3,18,1,4,5,3,5,1,4.6,0
S0041,文理学部,工学部一食堂,工学部,学生大伙食堂,dinner,5,0,rainy,4,1,4,35,3,2,4,2,1,0,4.3,0
S0042,文理学部,梅园CBD,文理学部,商业/风味餐饮,breakfast,1,0,hot,1,5,3,12,2,5,5,4,5,1,4.5,0
S0043,文理学部,枫园风味食堂,文理学部,风味食堂,lunch,5,0,sunny,1,4,3,18,1,4,4,3,4,1,4.0,0
S0044,文理学部,工学部一食堂,工学部,学生大伙食堂,breakfast,7,1,sunny,1,2,5,35,3,1,4,2,1,0,3.9,0
S0045,文理学部,桂园小食,文理学部,风味食堂,lunch,5,0,hot,4,2,5,12,2,5,5,3,5,1,4.5,1
S0046,文理学部,星园食堂,文理学部,学生/风味餐饮区,lunch,3,0,cloudy,5,5,5,20,1,3,4,3,4,1,4.2,1
S0047,信息学部,星园食堂,文理学部,学生/风味餐饮区,lunch,4,0,sunny,2,2,3,20,3,3,4,3,4,1,4.0,0
S0048,文理学部,枫园学生食堂,文理学部,学生大伙食堂,lunch,1,0,cloudy,1,1,4,20,2,4,4,2,2,0,4.2,0
S0049,医学部,医学部杏园食堂,医学部,学生大伙食堂,dinner,6,1,rainy,1,2,3,25,1,4,3,2,1,0,3.9,1
S0050,医学部,梅园CBD,文理学部,商业/风味餐饮,lunch,5,0,sunny,2,4,4,18,3,5,5,4,5,1,4.5,1
S0051,文理学部,桂园小食,文理学部,风味食堂,lunch,1,0,sunny,3,1,4,35,2,4,5,3,5,1,4.7,1
S0052,信息学部,桂园食堂,文理学部,学生大伙食堂,breakfast,2,0,cloudy,5,2,2,15,3,3,4,2,3,0,4.2,1
S0053,医学部,桂园食堂,文理学部,学生大伙食堂,lunch,4,0,cloudy,3,5,3,10,4,4,5,2,3,0,4.2,0
S0054,医学部,枫园风味食堂,文理学部,风味食堂,lunch,3,0,hot,2,2,4,15,3,3,5,3,4,1,3.9,1
S0055,文理学部,桂园食堂,文理学部,学生大伙食堂,breakfast,2,0,rainy,5,2,5,25,1,3,5,2,3,0,4.1,0
S0056,文理学部,工学部一食堂,工学部,学生大伙食堂,lunch,6,1,sunny,3,4,5,10,4,3,3,2,1,0,4.1,1
S0057,文理学部,桂园食堂,文理学部,学生大伙食堂,lunch,7,1,sunny,3,2,4,30,2,4,4,2,3,0,4.2,0
S0058,文理学部,桂园小食,文理学部,风味食堂,dinner,3,0,sunny,5,5,4,30,2,4,4,3,5,1,4.6,1
S0059,文理学部,桂园小食,文理学部,风味食堂,dinner,4,0,hot,5,3,1,25,1,5,4,3,5,1,4.7,1
S0060,文理学部,枫园学生食堂,文理学部,学生大伙食堂,breakfast,3,0,cloudy,5,2,4,35,2,4,4,2,2,0,4.1,1
S0061,工学部,桂园小食,文理学部,风味食堂,lunch,5,0,cloudy,2,4,2,35,3,5,5,3,5,1,4.6,0
S0062,医学部,枫园学生食堂,文理学部,学生大伙食堂,breakfast,2,0,rainy,1,3,4,18,3,5,4,2,2,0,4.1,0
S0063,信息学部,梅园学生食堂,文理学部,学生大伙食堂,lunch,5,0,hot,3,4,3,25,3,4,4,2,2,0,4.5,0
S0064,工学部,信息学部二食堂,信息学部,学生大伙食堂,dinner,2,0,hot,5,3,4,25,3,2,3,2,1,0,4.2,0
S0065,文理学部,枫园风味食堂,文理学部,风味食堂,lunch,2,0,sunny,1,3,5,10,1,4,3,3,4,1,4.0,1
S0066,信息学部,桂园食堂,文理学部,学生大伙食堂,lunch,7,1,rainy,3,4,4,12,3,5,4,2,3,0,4.2,0
S0067,文理学部,桂园食堂,文理学部,学生大伙食堂,dinner,6,1,sunny,2,5,2,10,2,4,4,2,3,0,4.1,1
S0068,文理学部,湖滨风味食堂,文理学部,风味食堂,lunch,7,1,rainy,2,3,3,10,1,5,4,3,5,1,4.0,0
S0069,文理学部,梅园CBD,文理学部,商业/风味餐饮,lunch,7,1,hot,2,4,2,35,1,5,5,4,5,1,4.6,0
S0070,文理学部,桂园小食,文理学部,风味食堂,lunch,3,0,sunny,1,4,2,10,2,5,5,3,5,1,4.6,0
S0071,工学部,星园食堂,文理学部,学生/风味餐饮区,dinner,7,1,cloudy,1,4,3,20,4,4,4,3,5,1,3.9,0
S0072,文理学部,湖滨学生食堂,文理学部,学生大伙食堂,lunch,2,0,hot,5,2,3,25,1,3,4,2,2,0,4.0,1
S0073,文理学部,枫园学生食堂,文理学部,学生大伙食堂,breakfast,2,0,cloudy,2,4,3,15,1,2,4,2,2,0,4.3,1
S0074,信息学部,枫园学生食堂,文理学部,学生大伙食堂,lunch,4,0,sunny,2,4,2,25,3,4,4,2,2,0,4.3,0
S0075,文理学部,工学部一食堂,工学部,学生大伙食堂,lunch,1,0,hot,3,1,3,15,3,3,4,2,1,0,4.2,1
S0076,文理学部,枫园学生食堂,文理学部,学生大伙食堂,dinner,5,0,sunny,3,2,3,15,2,3,4,2,2,0,4.1,1
S0077,文理学部,枫园学生食堂,文理学部,学生大伙食堂,lunch,4,0,cold,1,2,3,30,1,4,4,2,2,0,4.2,1
S0078,文理学部,桂园小食,文理学部,风味食堂,lunch,1,0,cloudy,5,3,2,25,1,5,5,3,5,1,4.5,0
S0079,文理学部,枫园学生食堂,文理学部,学生大伙食堂,dinner,4,0,sunny,4,3,3,30,1,2,4,2,2,0,4.2,1
S0080,工学部,枫园风味食堂,文理学部,风味食堂,dinner,3,0,sunny,4,1,4,35,3,3,3,3,3,1,4.4,0
S0081,文理学部,桂园食堂,文理学部,学生大伙食堂,lunch,4,0,cold,3,4,4,18,1,4,3,2,3,0,4.2,0
S0082,文理学部,桂园小食,文理学部,风味食堂,lunch,3,0,cloudy,5,2,2,20,2,4,5,3,5,1,4.6,1
S0083,信息学部,梅园学生食堂,文理学部,学生大伙食堂,breakfast,1,0,sunny,3,1,2,12,3,4,4,2,2,0,4.7,0
S0084,文理学部,桂园小食,文理学部,风味食堂,breakfast,4,0,hot,3,3,3,35,1,4,4,3,5,1,4.7,0
S0085,信息学部,信息学部二食堂,信息学部,学生大伙食堂,lunch,4,0,rainy,3,3,4,15,1,3,4,2,1,0,4.3,1
S0086,信息学部,信息学部二食堂,信息学部,学生大伙食堂,breakfast,3,0,cloudy,1,5,5,25,1,2,4,2,1,0,4.2,1
S0087,医学部,桂园小食,文理学部,风味食堂,dinner,4,0,sunny,3,2,5,12,3,3,5,3,5,1,4.5,0
S0088,文理学部,信息学部二食堂,信息学部,学生大伙食堂,lunch,5,0,rainy,3,4,4,30,3,5,4,2,1,0,3.9,0
S0089,文理学部,枫园学生食堂,文理学部,学生大伙食堂,lunch,1,0,hot,5,1,4,30,1,4,3,2,2,0,3.9,1
S0090,工学部,枫园风味食堂,文理学部,风味食堂,breakfast,2,0,cloudy,3,1,5,15,3,2,4,3,3,1,3.9,0
S0091,文理学部,梅园学生食堂,文理学部,学生大伙食堂,dinner,5,0,rainy,2,2,4,25,1,2,4,2,2,0,4.3,1
S0092,医学部,梅园CBD,文理学部,商业/风味餐饮,breakfast,3,0,sunny,2,2,5,35,3,5,5,4,5,1,4.5,0
S0093,文理学部,湖滨风味食堂,文理学部,风味食堂,lunch,1,0,cloudy,1,2,4,12,2,3,4,3,4,1,4.2,0
S0094,信息学部,桂园食堂,文理学部,学生大伙食堂,lunch,3,0,sunny,1,2,5,20,3,5,4,2,3,0,4.3,0
S0095,文理学部,工学部一食堂,工学部,学生大伙食堂,lunch,3,0,cloudy,3,5,3,30,3,2,3,2,1,0,4.1,0
S0096,文理学部,星园食堂,文理学部,学生/风味餐饮区,dinner,1,0,cloudy,1,5,3,10,1,3,4,3,3,1,3.9,1
S0097,文理学部,桂园小食,文理学部,风味食堂,breakfast,2,0,cloudy,1,3,3,15,2,4,5,3,5,1,4.5,0
S0098,文理学部,桂园小食,文理学部,风味食堂,lunch,6,1,sunny,3,4,2,18,2,5,5,3,5,1,4.3,1
S0099,文理学部,桂园食堂,文理学部,学生大伙食堂,lunch,1,0,cloudy,2,3,3,15,1,4,4,2,3,0,4.2,1
S0100,文理学部,桂园小食,文理学部,风味食堂,breakfast,3,0,rainy,3,4,3,35,2,5,4,3,5,1,4.3,0
S0101,文理学部,桂园小食,文理学部,风味食堂,lunch,5,0,sunny,2,4,3,15,1,5,5,3,5,1,4.6,0
S0102,文理学部,湖滨学生食堂,文理学部,学生大伙食堂,dinner,7,1,cloudy,1,2,5,30,2,3,4,2,2,0,4.0,1
S0103,信息学部,湖滨学生食堂,文理学部,学生大伙食堂,lunch,4,0,cloudy,3,2,5,25,3,3,4,2,2,0,4.2,1
S0104,信息学部,工学部民族食堂,工学部,清真/特色食堂,lunch,3,0,cloudy,2,3,5,20,3,3,3,2,1,0,3.8,1
S0105,文理学部,信息学部二食堂,信息学部,学生大伙食堂,dinner,1,0,cloudy,5,1,3,15,3,2,5,2,1,0,4.1,0
S0106,文理学部,枫园风味食堂,文理学部,风味食堂,lunch,3,0,cold,2,4,1,30,1,4,4,3,4,1,4.1,1
S0107,文理学部,星园食堂,文理学部,学生/风味餐饮区,breakfast,1,0,sunny,1,2,4,18,2,4,5,3,3,1,4.1,1
S0108,文理学部,湖滨风味食堂,文理学部,风味食堂,breakfast,6,1,cloudy,2,3,3,12,1,4,4,3,5,1,3.9,0
S0109,文理学部,工学部一食堂,工学部,学生大伙食堂,dinner,5,0,rainy,5,3,3,20,3,1,5,2,1,0,3.7,0
S0110,医学部,湖滨学生食堂,文理学部,学生大伙食堂,dinner,6,1,cloudy,3,3,5,10,3,3,3,2,2,0,3.7,0
S0111,文理学部,桂园食堂,文理学部,学生大伙食堂,lunch,3,0,sunny,5,3,3,10,1,5,5,2,3,0,4.4,1
S0112,文理学部,枫园风味食堂,文理学部,风味食堂,breakfast,3,0,cloudy,4,3,4,30,1,3,5,3,3,1,4.1,1
S0113,文理学部,枫园学生食堂,文理学部,学生大伙食堂,breakfast,5,0,sunny,2,4,3,12,2,4,4,2,2,0,4.2,1
S0114,信息学部,工学部民族食堂,工学部,清真/特色食堂,dinner,7,1,cold,4,3,3,25,4,3,4,2,1,0,3.8,0
S0115,工学部,湖滨学生食堂,文理学部,学生大伙食堂,lunch,4,0,sunny,1,2,4,12,3,4,4,2,2,0,4.2,1
S0116,医学部,桂园食堂,文理学部,学生大伙食堂,dinner,5,0,cold,5,1,2,10,4,4,3,2,3,0,4.3,0
S0117,信息学部,梅园学生食堂,文理学部,学生大伙食堂,dinner,2,0,cloudy,4,1,4,12,4,3,3,2,2,0,4.7,0
S0118,工学部,桂园小食,文理学部,风味食堂,breakfast,5,0,cold,3,2,3,20,3,5,5,3,5,1,4.4,0
S0119,文理学部,桂园小食,文理学部,风味食堂,breakfast,2,0,cloudy,1,3,3,10,2,4,5,3,5,1,4.8,1
S0120,医学部,湖滨学生食堂,文理学部,学生大伙食堂,dinner,1,0,hot,5,4,4,25,3,2,3,2,2,0,4.4,0
S0121,医学部,湖滨风味食堂,文理学部,风味食堂,lunch,6,1,rainy,3,4,3,20,3,5,5,3,5,1,4.4,0
S0122,医学部,工学部一食堂,工学部,学生大伙食堂,dinner,2,0,rainy,3,5,4,25,3,3,4,2,1,0,4.0,0
S0123,工学部,湖滨学生食堂,文理学部,学生大伙食堂,lunch,7,1,cloudy,5,2,1,15,3,5,4,2,2,0,4.1,0
S0124,文理学部,桂园小食,文理学部,风味食堂,dinner,4,0,cold,4,3,1,15,2,3,4,3,5,1,4.4,1
S0125,信息学部,桂园小食,文理学部,风味食堂,breakfast,4,0,hot,2,2,5,15,3,4,5,3,5,1,4.4,1
S0126,文理学部,信息学部一食堂,信息学部,学生大伙食堂,dinner,1,0,cloudy,1,4,5,25,3,1,5,2,1,0,4.1,0
S0127,信息学部,枫园风味食堂,文理学部,风味食堂,lunch,4,0,sunny,5,4,3,10,3,5,4,3,4,1,4.0,0
S0128,文理学部,湖滨学生食堂,文理学部,学生大伙食堂,lunch,1,0,rainy,3,1,3,12,2,5,4,2,2,0,3.9,0
S0129,文理学部,枫园风味食堂,文理学部,风味食堂,dinner,3,0,sunny,2,5,4,30,1,4,3,3,3,1,4.2,0
S0130,文理学部,桂园小食,文理学部,风味食堂,dinner,5,0,rainy,1,3,3,30,2,4,5,3,5,1,4.4,0
S0131,工学部,桂园小食,文理学部,风味食堂,dinner,5,0,hot,3,2,3,20,4,4,4,3,5,1,4.6,0
S0132,文理学部,工学部一食堂,工学部,学生大伙食堂,dinner,1,0,rainy,3,5,5,12,4,3,3,2,1,0,4.0,0
S0133,信息学部,湖滨学生食堂,文理学部,学生大伙食堂,dinner,3,0,cloudy,5,3,3,12,3,2,3,2,2,0,4.4,0
S0134,文理学部,医学部杏园食堂,医学部,学生大伙食堂,lunch,4,0,cloudy,1,3,3,25,4,3,4,2,1,0,3.7,0
S0135,文理学部,桂园小食,文理学部,风味食堂,lunch,5,0,cloudy,3,4,2,12,1,5,5,3,5,1,4.2,1
S0136,文理学部,梅园学生食堂,文理学部,学生大伙食堂,breakfast,2,0,cloudy,4,3,4,20,1,3,4,2,2,0,4.3,1
S0137,医学部,枫园学生食堂,文理学部,学生大伙食堂,breakfast,6,1,cloudy,3,3,3,25,4,3,4,2,2,0,4.1,0
S0138,文理学部,桂园小食,文理学部,风味食堂,dinner,4,0,sunny,2,1,3,15,1,4,5,3,5,1,4.6,1
S0139,信息学部,梅园学生食堂,文理学部,学生大伙食堂,lunch,5,0,cloudy,4,3,2,12,4,5,3,2,2,0,4.8,0
S0140,文理学部,工学部一食堂,工学部,学生大伙食堂,breakfast,5,0,hot,3,4,5,25,3,2,4,2,1,0,3.9,0
S0141,文理学部,星园食堂,文理学部,学生/风味餐饮区,breakfast,7,1,sunny,3,1,4,10,2,4,4,3,5,1,3.9,1
S0142,工学部,湖滨风味食堂,文理学部,风味食堂,lunch,3,0,cloudy,1,3,3,12,3,4,5,3,4,1,4.1,0
S0143,文理学部,湖滨学生食堂,文理学部,学生大伙食堂,lunch,7,1,rainy,4,4,3,12,1,5,5,2,2,0,4.1,1
S0144,文理学部,枫园学生食堂,文理学部,学生大伙食堂,dinner,4,0,sunny,1,2,3,15,1,3,4,2,2,0,4.1,1
S0145,工学部,工学部民族食堂,工学部,清真/特色食堂,breakfast,5,0,sunny,3,2,4,20,1,2,4,2,1,0,3.7,1
S0146,信息学部,湖滨学生食堂,文理学部,学生大伙食堂,lunch,4,0,cold,2,3,4,12,3,3,4,2,2,0,4.0,0
S0147,工学部,湖滨学生食堂,文理学部,学生大伙食堂,dinner,4,0,cold,5,1,3,25,4,3,4,2,2,0,3.9,1
S0148,文理学部,工学部一食堂,工学部,学生大伙食堂,dinner,6,1,cloudy,4,3,5,20,4,2,5,2,1,0,3.9,0
S0149,文理学部,桂园小食,文理学部,风味食堂,lunch,2,0,sunny,2,1,3,15,2,4,5,3,5,1,4.4,0
S0150,文理学部,工学部民族食堂,工学部,清真/特色食堂,lunch,1,0,rainy,4,3,3,15,4,5,2,2,1,0,3.9,0
S0151,文理学部,梅园学生食堂,文理学部,学生大伙食堂,lunch,3,0,sunny,2,3,3,25,2,3,4,2,2,0,4.3,1
S0152,文理学部,梅园CBD,文理学部,商业/风味餐饮,dinner,1,0,hot,5,5,3,12,1,4,5,4,5,1,4.4,0
S0153,文理学部,桂园小食,文理学部,风味食堂,dinner,1,0,cloudy,1,3,4,15,1,4,4,3,5,1,4.7,0
S0154,文理学部,湖滨学生食堂,文理学部,学生大伙食堂,lunch,7,1,cold,1,3,2,25,1,4,4,2,2,0,4.2,1
S0155,信息学部,枫园学生食堂,文理学部,学生大伙食堂,lunch,7,1,hot,5,3,3,30,3,3,4,2,2,0,3.8,0
S0156,信息学部,信息学部二食堂,信息学部,学生大伙食堂,breakfast,7,1,rainy,1,3,5,12,2,3,4,2,1,0,4.4,1
S0157,医学部,枫园风味食堂,文理学部,风味食堂,lunch,7,1,cloudy,5,3,5,10,3,5,5,3,5,1,4.1,0
S0158,文理学部,星园食堂,文理学部,学生/风味餐饮区,lunch,5,0,sunny,5,4,3,10,1,5,4,3,4,1,3.9,1
S0159,信息学部,信息学部二食堂,信息学部,学生大伙食堂,lunch,4,0,cloudy,4,3,3,12,2,3,5,2,1,0,4.3,1
S0160,文理学部,梅园CBD,文理学部,商业/风味餐饮,lunch,6,1,cold,4,3,4,18,1,5,5,4,5,1,4.5,0
S0161,文理学部,梅园CBD,文理学部,商业/风味餐饮,lunch,1,0,rainy,4,4,4,10,1,4,5,4,5,1,4.6,1
S0162,文理学部,梅园CBD,文理学部,商业/风味餐饮,breakfast,2,0,sunny,1,3,4,30,1,5,5,4,5,1,4.6,1
S0163,工学部,湖滨风味食堂,文理学部,风味食堂,dinner,4,0,rainy,5,3,5,10,3,4,3,3,3,1,4.0,0
S0164,文理学部,医学部杏园食堂,医学部,学生大伙食堂,lunch,2,0,cloudy,2,2,5,25,3,2,3,2,1,0,3.8,1
S0165,信息学部,桂园小食,文理学部,风味食堂,breakfast,7,1,rainy,2,2,3,30,4,5,4,3,5,1,4.4,0
S0166,工学部,桂园小食,文理学部,风味食堂,dinner,4,0,sunny,1,3,4,35,4,3,5,3,5,1,4.4,1
S0167,工学部,枫园风味食堂,文理学部,风味食堂,lunch,5,0,rainy,2,4,4,18,3,5,5,3,4,1,3.7,0
S0168,文理学部,信息学部一食堂,信息学部,学生大伙食堂,lunch,4,0,cloudy,4,5,4,10,3,3,4,2,1,0,3.9,1
S0169,工学部,桂园食堂,文理学部,学生大伙食堂,lunch,7,1,cloudy,3,3,2,10,3,4,4,2,3,0,4.2,0
S0170,信息学部,枫园学生食堂,文理学部,学生大伙食堂,lunch,1,0,cloudy,1,2,2,30,3,4,5,2,2,0,4.0,0
S0171,信息学部,湖滨风味食堂,文理学部,风味食堂,dinner,5,0,sunny,5,2,4,15,3,3,4,3,3,1,4.1,1
S0172,文理学部,信息学部一食堂,信息学部,学生大伙食堂,lunch,2,0,hot,1,2,2,15,3,3,3,2,1,0,3.8,0
S0173,文理学部,工学部民族食堂,工学部,清真/特色食堂,breakfast,6,1,rainy,5,4,3,25,4,3,3,2,1,0,3.6,0
S0174,信息学部,湖滨风味食堂,文理学部,风味食堂,dinner,5,0,rainy,5,5,5,18,4,4,4,3,3,1,4.3,0
S0175,文理学部,枫园学生食堂,文理学部,学生大伙食堂,breakfast,2,0,sunny,4,3,3,12,1,2,4,2,2,0,4.3,1
S0176,文理学部,湖滨学生食堂,文理学部,学生大伙食堂,lunch,2,0,rainy,1,3,5,15,2,5,4,2,2,0,3.8,1
S0177,工学部,湖滨学生食堂,文理学部,学生大伙食堂,lunch,1,0,sunny,1,2,3,25,3,4,5,2,2,0,4.1,0
S0178,信息学部,工学部一食堂,工学部,学生大伙食堂,lunch,4,0,rainy,4,1,2,15,4,2,5,2,1,0,3.9,1
S0179,文理学部,星园食堂,文理学部,学生/风味餐饮区,lunch,5,0,cloudy,2,3,3,30,1,4,4,3,4,1,4.0,1
S0180,医学部,工学部一食堂,工学部,学生大伙食堂,dinner,1,0,cloudy,3,3,2,15,4,3,4,2,1,0,4.0,0
S0181,信息学部,信息学部二食堂,信息学部,学生大伙食堂,dinner,7,1,rainy,3,1,3,15,2,3,4,2,1,0,4.0,1
S0182,文理学部,桂园食堂,文理学部,学生大伙食堂,lunch,1,0,sunny,3,3,2,10,2,4,4,2,3,0,4.1,0
S0183,文理学部,星园食堂,文理学部,学生/风味餐饮区,lunch,2,0,hot,4,3,2,35,1,4,3,3,4,1,3.9,1
S0184,文理学部,湖滨风味食堂,文理学部,风味食堂,lunch,1,0,cloudy,2,3,2,25,1,4,4,3,4,1,4.1,1
S0185,工学部,湖滨风味食堂,文理学部,风味食堂,dinner,2,0,cloudy,4,3,2,10,4,2,4,3,3,1,4.3,0
S0186,文理学部,梅园CBD,文理学部,商业/风味餐饮,dinner,4,0,rainy,2,1,3,18,1,3,4,4,5,1,4.2,1
S0187,文理学部,工学部民族食堂,工学部,清真/特色食堂,lunch,6,1,rainy,1,2,5,15,3,3,3,2,1,0,3.6,0
S0188,工学部,医学部杏园食堂,医学部,学生大伙食堂,dinner,6,1,sunny,2,5,5,12,3,1,3,2,1,0,3.8,1
S0189,文理学部,枫园学生食堂,文理学部,学生大伙食堂,lunch,3,0,sunny,2,3,2,35,2,4,4,2,2,0,4.1,1
S0190,医学部,桂园食堂,文理学部,学生大伙食堂,dinner,3,0,rainy,3,3,2,35,3,3,5,2,3,0,4.3,0
S0191,信息学部,医学部杏园食堂,医学部,学生大伙食堂,lunch,2,0,cloudy,3,4,3,35,3,2,3,2,1,0,3.8,0
S0192,信息学部,梅园学生食堂,文理学部,学生大伙食堂,dinner,4,0,sunny,2,4,2,30,4,2,4,2,2,0,4.4,0
S0193,文理学部,梅园学生食堂,文理学部,学生大伙食堂,breakfast,6,1,rainy,2,3,3,20,1,3,4,2,2,0,4.7,1
S0194,文理学部,湖滨学生食堂,文理学部,学生大伙食堂,dinner,4,0,hot,5,4,3,35,1,3,5,2,2,0,3.6,1
S0195,文理学部,桂园小食,文理学部,风味食堂,lunch,3,0,rainy,5,4,1,12,1,5,5,3,5,1,4.5,1
S0196,信息学部,信息学部二食堂,信息学部,学生大伙食堂,lunch,4,0,cloudy,1,4,3,12,2,4,4,2,1,0,4.3,1
S0197,文理学部,桂园食堂,文理学部,学生大伙食堂,breakfast,7,1,cloudy,5,4,4,12,2,4,5,2,3,0,4.0,1
S0198,医学部,湖滨风味食堂,文理学部,风味食堂,breakfast,5,0,sunny,2,5,3,18,4,3,4,3,3,1,4.2,0
S0199,文理学部,桂园食堂,文理学部,学生大伙食堂,breakfast,7,1,sunny,2,4,2,35,1,3,4,2,3,0,4.3,1
S0200,信息学部,梅园CBD,文理学部,商业/风味餐饮,dinner,1,0,cloudy,4,2,4,25,3,4,5,4,5,1,4.8,0
S0201,文理学部,湖滨学生食堂,文理学部,学生大伙食堂,lunch,1,0,hot,5,4,3,30,1,5,4,2,2,0,4.1,1
S0202,文理学部,工学部一食堂,工学部,学生大伙食堂,dinner,5,0,cloudy,4,4,2,35,4,3,4,2,1,0,4.1,0
S0203,文理学部,梅园CBD,文理学部,商业/风味餐饮,lunch,4,0,cloudy,2,4,2,35,1,5,5,4,5,1,4.4,1
S0204,医学部,梅园学生食堂,文理学部,学生大伙食堂,breakfast,2,0,cold,2,4,3,35,3,3,3,2,2,0,4.2,0
S0205,文理学部,湖滨风味食堂,文理学部,风味食堂,lunch,2,0,cloudy,2,3,3,12,1,4,4,3,4,1,4.1,0
S0206,文理学部,星园食堂,文理学部,学生/风味餐饮区,dinner,5,0,hot,5,2,3,15,1,3,3,3,3,1,4.0,0
S0207,工学部,工学部一食堂,工学部,学生大伙食堂,lunch,7,1,cold,4,2,3,20,1,3,4,2,1,0,4.0,1
S0208,医学部,工学部一食堂,工学部,学生大伙食堂,breakfast,5,0,cloudy,4,3,4,12,3,2,5,2,1,0,4.2,1
S0209,工学部,信息学部二食堂,信息学部,学生大伙食堂,breakfast,2,0,sunny,3,3,4,25,3,2,4,2,1,0,3.9,0
S0210,文理学部,枫园风味食堂,文理学部,风味食堂,lunch,1,0,cloudy,5,3,2,12,1,4,5,3,4,1,3.9,1
S0211,工学部,星园食堂,文理学部,学生/风味餐饮区,lunch,3,0,sunny,4,5,4,35,3,4,5,3,4,1,4.2,0
S0212,工学部,梅园学生食堂,文理学部,学生大伙食堂,dinner,5,0,rainy,2,2,1,10,3,3,4,2,2,0,4.7,1
S0213,文理学部,工学部民族食堂,工学部,清真/特色食堂,breakfast,4,0,cloudy,4,3,4,25,3,1,3,2,1,0,3.7,1
S0214,文理学部,星园食堂,文理学部,学生/风味餐饮区,lunch,1,0,sunny,4,4,2,15,2,3,4,3,4,1,4.4,1
S0215,文理学部,湖滨学生食堂,文理学部,学生大伙食堂,breakfast,7,1,hot,1,2,3,10,1,3,4,2,2,0,4.2,0
S0216,信息学部,桂园小食,文理学部,风味食堂,lunch,7,1,sunny,5,3,3,35,4,5,5,3,5,1,4.6,0
S0217,工学部,桂园食堂,文理学部,学生大伙食堂,dinner,7,1,cloudy,2,2,2,35,3,3,5,2,3,0,4.5,0
S0218,文理学部,桂园食堂,文理学部,学生大伙食堂,breakfast,3,0,cloudy,2,3,4,10,1,3,4,2,3,0,4.2,0
S0219,文理学部,梅园学生食堂,文理学部,学生大伙食堂,lunch,2,0,cloudy,3,2,2,12,1,4,5,2,2,0,4.6,0
S0220,工学部,枫园学生食堂,文理学部,学生大伙食堂,breakfast,4,0,rainy,5,3,3,15,3,4,4,2,2,0,4.3,0
S0221,文理学部,医学部杏园食堂,医学部,学生大伙食堂,dinner,3,0,cloudy,4,4,2,25,3,2,3,2,1,0,3.3,0
S0222,文理学部,医学部杏园食堂,医学部,学生大伙食堂,dinner,2,0,sunny,2,3,4,20,3,1,4,2,1,0,4.1,0
S0223,文理学部,枫园风味食堂,文理学部,风味食堂,dinner,5,0,sunny,2,3,2,18,2,4,4,3,3,1,3.9,1
S0224,文理学部,医学部杏园食堂,医学部,学生大伙食堂,lunch,5,0,cold,5,5,2,35,3,3,3,2,1,0,3.7,0
S0225,信息学部,信息学部二食堂,信息学部,学生大伙食堂,dinner,5,0,cold,1,2,2,10,1,2,4,2,1,0,3.9,0
S0226,工学部,梅园CBD,文理学部,商业/风味餐饮,breakfast,6,1,cloudy,1,3,2,15,3,5,5,4,5,1,4.4,1
S0227,工学部,枫园风味食堂,文理学部,风味食堂,lunch,2,0,cloudy,1,3,3,25,3,5,4,3,4,1,4.2,0
S0228,文理学部,枫园学生食堂,文理学部,学生大伙食堂,lunch,4,0,cloudy,2,3,4,15,1,4,3,2,2,0,4.1,1
S0229,文理学部,枫园学生食堂,文理学部,学生大伙食堂,dinner,1,0,hot,2,4,4,18,2,4,4,2,2,0,4.4,0
S0230,信息学部,信息学部一食堂,信息学部,学生大伙食堂,dinner,6,1,sunny,5,3,3,12,1,2,3,2,1,0,4.1,1
S0231,医学部,工学部一食堂,工学部,学生大伙食堂,breakfast,6,1,cold,5,4,3,20,4,3,4,2,1,0,4.1,0
S0232,医学部,工学部一食堂,工学部,学生大伙食堂,lunch,6,1,cloudy,2,2,4,30,3,2,4,2,1,0,3.9,1
S0233,医学部,梅园CBD,文理学部,商业/风味餐饮,lunch,6,1,hot,5,2,3,25,3,5,5,4,5,1,4.8,0
S0234,文理学部,工学部民族食堂,工学部,清真/特色食堂,breakfast,5,0,hot,4,1,4,15,4,1,3,2,1,0,3.8,0
S0235,文理学部,湖滨学生食堂,文理学部,学生大伙食堂,lunch,1,0,rainy,3,3,3,18,1,3,5,2,2,0,3.7,0
S0236,工学部,桂园食堂,文理学部,学生大伙食堂,dinner,4,0,sunny,5,3,3,18,4,3,4,2,3,0,4.5,0
S0237,医学部,星园食堂,文理学部,学生/风味餐饮区,dinner,2,0,cloudy,5,4,3,12,4,3,4,3,3,1,3.6,0
S0238,医学部,医学部杏园食堂,医学部,学生大伙食堂,lunch,1,0,cloudy,3,3,3,30,1,3,3,2,1,0,3.6,0
S0239,文理学部,梅园CBD,文理学部,商业/风味餐饮,breakfast,5,0,cloudy,3,3,4,10,2,3,4,4,5,1,4.6,0
S0240,医学部,梅园学生食堂,文理学部,学生大伙食堂,dinner,3,0,sunny,5,4,4,18,3,2,4,2,2,0,4.6,0
S0241,文理学部,桂园食堂,文理学部,学生大伙食堂,lunch,1,0,cloudy,2,2,3,20,1,5,5,2,3,0,4.2,0
S0242,工学部,枫园学生食堂,文理学部,学生大伙食堂,lunch,5,0,sunny,3,4,3,35,3,5,4,2,2,0,4.1,0
S0243,文理学部,桂园小食,文理学部,风味食堂,breakfast,2,0,hot,1,4,3,20,1,5,5,3,5,1,4.6,1
S0244,工学部,工学部民族食堂,工学部,清真/特色食堂,dinner,1,0,rainy,4,3,3,35,2,1,4,2,1,0,3.8,1
S0245,工学部,枫园风味食堂,文理学部,风味食堂,dinner,5,0,cloudy,2,4,4,30,4,4,4,3,3,1,3.9,0
S0246,工学部,枫园风味食堂,文理学部,风味食堂,dinner,5,0,rainy,4,3,3,20,3,2,4,3,3,1,3.7,0
S0247,文理学部,梅园CBD,文理学部,商业/风味餐饮,dinner,7,1,hot,2,3,3,18,2,5,5,4,5,1,4.5,1
S0248,文理学部,信息学部二食堂,信息学部,学生大伙食堂,breakfast,1,0,sunny,5,2,3,15,4,1,5,2,1,0,4.2,0
S0249,文理学部,桂园食堂,文理学部,学生大伙食堂,lunch,6,1,hot,5,2,2,20,2,5,3,2,3,0,4.2,0
S0250,文理学部,枫园风味食堂,文理学部,风味食堂,lunch,7,1,sunny,2,2,3,20,1,5,4,3,5,1,3.9,0
S0251,文理学部,湖滨学生食堂,文理学部,学生大伙食堂,lunch,2,0,cloudy,5,4,4,12,2,5,4,2,2,0,3.9,1
S0252,文理学部,工学部一食堂,工学部,学生大伙食堂,breakfast,6,1,sunny,3,3,3,10,3,3,3,2,1,0,4.3,0
S0253,文理学部,工学部民族食堂,工学部,清真/特色食堂,lunch,1,0,rainy,5,1,5,25,3,3,4,2,1,0,3.6,1
S0254,工学部,工学部一食堂,工学部,学生大伙食堂,lunch,6,1,sunny,5,3,2,15,2,2,3,2,1,0,3.8,0
S0255,信息学部,枫园风味食堂,文理学部,风味食堂,lunch,5,0,rainy,3,4,4,10,3,5,4,3,4,1,4.0,1
S0256,工学部,梅园学生食堂,文理学部,学生大伙食堂,dinner,3,0,hot,4,3,3,18,3,3,5,2,2,0,4.5,0
S0257,文理学部,桂园小食,文理学部,风味食堂,lunch,3,0,sunny,2,3,4,15,2,4,5,3,5,1,4.8,1
S0258,医学部,梅园学生食堂,文理学部,学生大伙食堂,breakfast,1,0,cloudy,5,5,4,15,3,3,4,2,2,0,4.3,0
S0259,文理学部,桂园小食,文理学部,风味食堂,lunch,7,1,rainy,1,4,2,20,1,5,5,3,5,1,4.8,0
S0260,信息学部,信息学部二食堂,信息学部,学生大伙食堂,dinner,6,1,rainy,3,2,2,20,1,4,4,2,1,0,4.2,1
S0261,文理学部,梅园学生食堂,文理学部,学生大伙食堂,lunch,5,0,sunny,3,2,3,10,1,3,4,2,2,0,4.3,1
S0262,信息学部,桂园小食,文理学部,风味食堂,lunch,6,1,cold,4,3,3,30,4,5,5,3,5,1,4.2,0
S0263,工学部,信息学部二食堂,信息学部,学生大伙食堂,dinner,4,0,cloudy,1,3,2,20,3,3,4,2,1,0,4.0,0
S0264,文理学部,桂园食堂,文理学部,学生大伙食堂,breakfast,2,0,hot,1,4,3,30,1,4,4,2,3,0,4.3,1
S0265,医学部,湖滨学生食堂,文理学部,学生大伙食堂,lunch,7,1,sunny,5,2,4,18,3,3,4,2,2,0,4.3,0
S0266,文理学部,桂园小食,文理学部,风味食堂,dinner,3,0,rainy,4,4,2,15,1,4,5,3,5,1,4.6,1
S0267,文理学部,桂园小食,文理学部,风味食堂,dinner,1,0,cloudy,2,3,1,18,1,4,5,3,5,1,4.8,1
S0268,文理学部,信息学部一食堂,信息学部,学生大伙食堂,breakfast,1,0,cloudy,4,3,4,30,4,3,3,2,1,0,4.1,0
S0269,文理学部,桂园小食,文理学部,风味食堂,lunch,6,1,rainy,3,2,2,12,2,5,5,3,5,1,4.7,0
S0270,文理学部,梅园学生食堂,文理学部,学生大伙食堂,lunch,3,0,cloudy,1,2,4,35,1,4,4,2,2,0,4.6,1
S0271,文理学部,湖滨学生食堂,文理学部,学生大伙食堂,lunch,7,1,cloudy,3,4,3,30,2,4,4,2,2,0,4.1,1
S0272,文理学部,梅园学生食堂,文理学部,学生大伙食堂,breakfast,1,0,sunny,3,2,2,30,2,2,3,2,2,0,4.8,1
S0273,信息学部,工学部一食堂,工学部,学生大伙食堂,dinner,5,0,hot,5,2,5,30,3,1,4,2,1,0,4.1,0
S0274,文理学部,枫园风味食堂,文理学部,风味食堂,dinner,5,0,cloudy,1,5,4,30,1,3,4,3,3,1,3.9,0
S0275,信息学部,湖滨学生食堂,文理学部,学生大伙食堂,lunch,5,0,sunny,2,5,4,10,4,5,5,2,2,0,4.0,0
S0276,工学部,梅园学生食堂,文理学部,学生大伙食堂,lunch,6,1,cloudy,3,2,3,15,3,4,4,2,2,0,4.6,0
S0277,医学部,桂园食堂,文理学部,学生大伙食堂,lunch,1,0,cold,4,3,4,20,3,4,4,2,3,0,4.3,0
S0278,文理学部,工学部民族食堂,工学部,清真/特色食堂,lunch,1,0,rainy,3,2,5,35,4,5,2,2,1,0,3.7,0
S0279,文理学部,桂园食堂,文理学部,学生大伙食堂,dinner,3,0,cloudy,3,3,2,10,2,4,4,2,3,0,3.9,0
S0280,工学部,桂园食堂,文理学部,学生大伙食堂,dinner,7,1,cloudy,4,1,3,30,3,3,5,2,3,0,4.3,0
S0281,文理学部,枫园学生食堂,文理学部,学生大伙食堂,breakfast,6,1,sunny,2,1,3,12,1,4,3,2,2,0,4.5,1
S0282,信息学部,梅园CBD,文理学部,商业/风味餐饮,lunch,4,0,cold,4,2,4,20,3,5,5,4,5,1,4.5,0
S0283,医学部,枫园风味食堂,文理学部,风味食堂,lunch,2,0,sunny,2,5,4,18,3,3,4,3,4,1,3.9,0
S0284,文理学部,信息学部二食堂,信息学部,学生大伙食堂,lunch,1,0,sunny,3,2,2,10,4,3,4,2,1,0,3.8,0
S0285,文理学部,桂园小食,文理学部,风味食堂,lunch,4,0,sunny,1,2,5,12,2,5,5,3,5,1,4.8,0
S0286,文理学部,湖滨风味食堂,文理学部,风味食堂,lunch,2,0,sunny,3,3,3,30,2,4,4,3,4,1,3.9,0
S0287,文理学部,工学部民族食堂,工学部,清真/特色食堂,dinner,6,1,cold,3,2,3,20,3,2,3,2,1,0,3.8,1
S0288,医学部,信息学部二食堂,信息学部,学生大伙食堂,dinner,3,0,sunny,4,5,2,10,4,3,5,2,1,0,4.2,0
S0289,信息学部,湖滨学生食堂,文理学部,学生大伙食堂,lunch,4,0,hot,4,3,4,15,4,4,4,2,2,0,3.8,0
S0290,信息学部,工学部民族食堂,工学部,清真/特色食堂,lunch,7,1,rainy,5,1,3,10,3,5,4,2,1,0,3.9,1
S0291,文理学部,枫园风味食堂,文理学部,风味食堂,dinner,6,1,cold,1,2,3,25,2,4,4,3,5,1,3.9,0
S0292,医学部,梅园CBD,文理学部,商业/风味餐饮,breakfast,5,0,sunny,2,4,4,10,3,5,5,4,5,1,4.6,0
S0293,文理学部,工学部一食堂,工学部,学生大伙食堂,lunch,5,0,cold,3,2,4,25,4,3,3,2,1,0,4.0,1
S0294,工学部,枫园学生食堂,文理学部,学生大伙食堂,lunch,7,1,cloudy,1,2,4,12,4,5,5,2,2,0,4.1,0
S0295,工学部,星园食堂,文理学部,学生/风味餐饮区,dinner,3,0,hot,3,3,4,10,4,2,4,3,3,1,4.0,0
S0296,文理学部,梅园学生食堂,文理学部,学生大伙食堂,dinner,4,0,rainy,1,4,3,20,1,4,4,2,2,0,4.4,1
S0297,信息学部,枫园学生食堂,文理学部,学生大伙食堂,breakfast,5,0,sunny,5,1,3,12,3,4,4,2,2,0,4.1,1
S0298,信息学部,湖滨风味食堂,文理学部,风味食堂,lunch,6,1,cloudy,1,1,4,10,3,5,3,3,5,1,4.4,0
S0299,文理学部,桂园食堂,文理学部,学生大伙食堂,dinner,5,0,rainy,3,3,2,30,2,4,4,2,3,0,4.2,1
S0300,信息学部,医学部杏园食堂,医学部,学生大伙食堂,breakfast,2,0,hot,1,2,3,20,3,2,3,2,1,0,4.0,1
S0301,文理学部,梅园CBD,文理学部,商业/风味餐饮,breakfast,1,0,hot,1,5,3,25,2,4,5,4,5,1,4.7,1
S0302,文理学部,信息学部二食堂,信息学部,学生大伙食堂,lunch,3,0,cloudy,4,1,3,15,3,2,4,2,1,0,4.0,0
S0303,文理学部,信息学部一食堂,信息学部,学生大伙食堂,dinner,6,1,rainy,2,2,2,35,4,2,4,2,1,0,4.2,0
S0304,文理学部,枫园风味食堂,文理学部,风味食堂,dinner,7,1,cloudy,3,4,2,30,2,5,3,3,5,1,3.9,0
S0305,工学部,信息学部一食堂,信息学部,学生大伙食堂,lunch,6,1,cold,5,2,2,25,4,2,4,2,1,0,3.9,0
S0306,工学部,桂园小食,文理学部,风味食堂,breakfast,2,0,rainy,5,3,3,15,4,5,5,3,5,1,4.8,0
S0307,信息学部,湖滨风味食堂,文理学部,风味食堂,lunch,1,0,rainy,1,4,3,10,3,4,4,3,4,1,4.1,0
S0308,工学部,星园食堂,文理学部,学生/风味餐饮区,lunch,2,0,cloudy,3,4,2,30,3,3,4,3,4,1,4.0,0
S0309,文理学部,枫园风味食堂,文理学部,风味食堂,lunch,2,0,rainy,5,2,2,30,1,5,4,3,4,1,4.2,0
S0310,医学部,信息学部二食堂,信息学部,学生大伙食堂,lunch,5,0,rainy,5,3,2,30,4,5,3,2,1,0,4.0,0
S0311,工学部,信息学部二食堂,信息学部,学生大伙食堂,lunch,7,1,cloudy,4,3,4,20,3,3,3,2,1,0,4.0,1
S0312,文理学部,枫园风味食堂,文理学部,风味食堂,lunch,4,0,sunny,3,3,3,20,1,4,5,3,4,1,3.9,1
S0313,文理学部,湖滨学生食堂,文理学部,学生大伙食堂,dinner,2,0,rainy,4,1,4,20,2,3,5,2,2,0,4.2,0
S0314,文理学部,工学部民族食堂,工学部,清真/特色食堂,lunch,5,0,hot,1,4,3,10,3,4,2,2,1,0,3.7,0
S0315,医学部,桂园小食,文理学部,风味食堂,lunch,4,0,cold,5,3,4,18,3,5,5,3,5,1,4.8,0
S0316,文理学部,梅园学生食堂,文理学部,学生大伙食堂,breakfast,6,1,sunny,2,3,4,25,2,3,4,2,2,0,4.4,1
S0317,文理学部,信息学部一食堂,信息学部,学生大伙食堂,dinner,5,0,cloudy,2,4,5,35,4,3,4,2,1,0,3.7,0
S0318,文理学部,湖滨学生食堂,文理学部,学生大伙食堂,lunch,7,1,cloudy,1,4,4,30,1,5,4,2,2,0,4.4,0
S0319,信息学部,梅园学生食堂,文理学部,学生大伙食堂,dinner,3,0,sunny,3,4,3,30,3,3,3,2,2,0,4.7,0
S0320,文理学部,桂园食堂,文理学部,学生大伙食堂,lunch,5,0,sunny,1,3,4,20,1,3,4,2,3,0,3.8,1
S0321,文理学部,桂园食堂,文理学部,学生大伙食堂,breakfast,2,0,sunny,3,5,4,25,2,3,3,2,3,0,4.1,1
S0322,工学部,湖滨学生食堂,文理学部,学生大伙食堂,lunch,6,1,sunny,1,3,5,12,3,3,3,2,2,0,4.1,1
S0323,文理学部,桂园食堂,文理学部,学生大伙食堂,breakfast,3,0,cold,5,2,4,10,1,3,4,2,3,0,3.8,1
S0324,信息学部,星园食堂,文理学部,学生/风味餐饮区,lunch,3,0,cloudy,5,3,3,10,3,4,3,3,4,1,4.2,0
S0325,文理学部,星园食堂,文理学部,学生/风味餐饮区,lunch,4,0,cloudy,3,4,4,15,2,3,4,3,4,1,3.8,1
S0326,文理学部,信息学部一食堂,信息学部,学生大伙食堂,dinner,1,0,cold,5,3,4,12,3,2,4,2,1,0,3.9,0
S0327,文理学部,湖滨风味食堂,文理学部,风味食堂,dinner,3,0,cold,1,4,3,25,2,3,3,3,3,1,4.2,0
S0328,文理学部,工学部一食堂,工学部,学生大伙食堂,breakfast,4,0,cold,3,3,3,20,3,1,4,2,1,0,4.0,1
S0329,文理学部,桂园食堂,文理学部,学生大伙食堂,lunch,5,0,sunny,4,5,1,35,1,5,4,2,3,0,4.1,0
S0330,工学部,梅园CBD,文理学部,商业/风味餐饮,dinner,4,0,rainy,2,2,4,12,3,4,5,4,5,1,4.2,1
S0331,文理学部,湖滨学生食堂,文理学部,学生大伙食堂,breakfast,5,0,cloudy,3,2,1,25,1,4,3,2,2,0,4.4,1
S0332,工学部,桂园小食,文理学部,风味食堂,breakfast,3,0,hot,1,3,3,10,4,4,5,3,5,1,4.6,0
S0333,医学部,梅园CBD,文理学部,商业/风味餐饮,lunch,5,0,rainy,4,3,4,35,4,5,5,4,5,1,4.5,0
S0334,文理学部,湖滨学生食堂,文理学部,学生大伙食堂,lunch,2,0,cloudy,5,3,4,25,1,4,5,2,2,0,4.4,1
S0335,医学部,枫园风味食堂,文理学部,风味食堂,lunch,2,0,hot,2,3,4,30,3,5,5,3,4,1,4.0,0
S0336,文理学部,梅园学生食堂,文理学部,学生大伙食堂,breakfast,3,0,sunny,2,3,5,10,2,3,4,2,2,0,4.6,1
S0337,工学部,桂园小食,文理学部,风味食堂,lunch,5,0,cloudy,2,3,5,18,3,5,5,3,5,1,4.8,0
S0338,文理学部,梅园CBD,文理学部,商业/风味餐饮,breakfast,5,0,sunny,1,2,4,25,1,4,5,4,5,1,4.0,0
S0339,医学部,桂园小食,文理学部,风味食堂,lunch,4,0,cloudy,5,4,4,18,4,5,5,3,5,1,4.7,0
S0340,工学部,枫园风味食堂,文理学部,风味食堂,lunch,6,1,sunny,2,3,3,12,3,5,4,3,5,1,4.0,0
S0341,工学部,桂园食堂,文理学部,学生大伙食堂,lunch,4,0,rainy,1,1,4,10,3,5,5,2,3,0,4.0,0
S0342,文理学部,星园食堂,文理学部,学生/风味餐饮区,dinner,3,0,cloudy,2,2,2,25,2,3,3,3,3,1,4.1,1
S0343,文理学部,星园食堂,文理学部,学生/风味餐饮区,lunch,3,0,sunny,2,3,4,20,1,4,5,3,4,1,4.1,1
S0344,医学部,湖滨学生食堂,文理学部,学生大伙食堂,lunch,3,0,cloudy,5,3,3,35,4,5,4,2,2,0,4.3,0
S0345,文理学部,湖滨学生食堂,文理学部,学生大伙食堂,lunch,4,0,sunny,4,2,4,20,2,3,3,2,2,0,4.0,1
S0346,文理学部,梅园学生食堂,文理学部,学生大伙食堂,dinner,4,0,cold,5,5,3,25,1,3,4,2,2,0,4.5,1
S0347,文理学部,枫园风味食堂,文理学部,风味食堂,breakfast,2,0,rainy,1,4,2,35,1,4,4,3,3,1,4.0,1
S0348,工学部,桂园小食,文理学部,风味食堂,lunch,7,1,sunny,2,3,3,12,4,5,5,3,5,1,4.8,0
S0349,文理学部,工学部一食堂,工学部,学生大伙食堂,dinner,5,0,rainy,5,2,3,18,3,4,4,2,1,0,3.9,0
S0350,医学部,信息学部二食堂,信息学部,学生大伙食堂,dinner,1,0,cloudy,3,4,3,25,4,2,4,2,1,0,4.5,0
S0351,医学部,工学部一食堂,工学部,学生大伙食堂,lunch,1,0,sunny,3,2,4,10,4,3,3,2,1,0,4.1,1
S0352,文理学部,信息学部二食堂,信息学部,学生大伙食堂,lunch,7,1,cold,5,3,4,25,4,4,4,2,1,0,4.0,0
S0353,文理学部,工学部民族食堂,工学部,清真/特色食堂,lunch,1,0,sunny,1,2,4,25,3,3,2,2,1,0,3.8,0
S0354,医学部,枫园风味食堂,文理学部,风味食堂,dinner,3,0,sunny,4,3,3,18,3,3,4,3,3,1,4.0,0
S0355,文理学部,湖滨学生食堂,文理学部,学生大伙食堂,lunch,5,0,cloudy,2,4,3,12,1,4,4,2,2,0,3.9,1
S0356,工学部,梅园学生食堂,文理学部,学生大伙食堂,dinner,1,0,cloudy,1,1,3,15,4,2,4,2,2,0,4.1,0
S0357,文理学部,梅园学生食堂,文理学部,学生大伙食堂,dinner,7,1,sunny,3,3,3,25,2,2,4,2,2,0,4.2,0
S0358,文理学部,桂园小食,文理学部,风味食堂,dinner,3,0,sunny,1,3,2,20,2,4,5,3,5,1,4.4,1
S0359,文理学部,梅园CBD,文理学部,商业/风味餐饮,lunch,2,0,cold,2,3,4,12,2,4,5,4,5,1,4.5,0
S0360,文理学部,枫园风味食堂,文理学部,风味食堂,breakfast,1,0,sunny,5,4,4,35,1,3,3,3,3,1,4.0,1
S0361,医学部,星园食堂,文理学部,学生/风味餐饮区,lunch,1,0,sunny,3,4,2,15,3,3,4,3,4,1,4.1,0
S0362,工学部,信息学部二食堂,信息学部,学生大伙食堂,lunch,6,1,sunny,1,5,4,20,4,2,3,2,1,0,4.2,0
S0363,文理学部,梅园CBD,文理学部,商业/风味餐饮,lunch,1,0,sunny,4,2,4,20,2,5,5,4,5,1,4.7,0
S0364,工学部,梅园学生食堂,文理学部,学生大伙食堂,dinner,5,0,rainy,3,4,4,10,3,4,4,2,2,0,4.6,0
S0365,信息学部,桂园食堂,文理学部,学生大伙食堂,dinner,4,0,cold,4,3,5,25,4,4,4,2,3,0,4.3,1
S0366,信息学部,湖滨学生食堂,文理学部,学生大伙食堂,dinner,1,0,sunny,5,1,3,12,4,2,4,2,2,0,3.9,0
S0367,信息学部,医学部杏园食堂,医学部,学生大伙食堂,lunch,5,0,rainy,3,4,4,20,4,3,3,2,1,0,3.6,0
S0368,信息学部,湖滨风味食堂,文理学部,风味食堂,dinner,7,1,cloudy,5,2,3,25,3,4,4,3,5,1,4.6,0
S0369,文理学部,信息学部一食堂,信息学部,学生大伙食堂,lunch,1,0,sunny,2,3,4,25,3,3,5,2,1,0,3.9,1
S0370,文理学部,桂园食堂,文理学部,学生大伙食堂,breakfast,6,1,rainy,5,2,3,30,1,4,4,2,3,0,4.2,1
S0371,工学部,桂园食堂,文理学部,学生大伙食堂,dinner,1,0,cloudy,5,3,4,20,3,4,3,2,3,0,4.3,1
S0372,医学部,湖滨风味食堂,文理学部,风味食堂,lunch,7,1,cloudy,4,3,4,15,3,4,4,3,5,1,3.9,0
S0373,信息学部,桂园食堂,文理学部,学生大伙食堂,lunch,4,0,cloudy,3,5,2,15,3,4,3,2,3,0,4.2,1
S0374,文理学部,枫园风味食堂,文理学部,风味食堂,lunch,2,0,cloudy,4,3,3,25,1,3,5,3,4,1,3.9,1
S0375,工学部,桂园食堂,文理学部,学生大伙食堂,lunch,5,0,hot,1,3,3,35,4,3,4,2,3,0,4.4,0
S0376,文理学部,信息学部一食堂,信息学部,学生大伙食堂,lunch,5,0,cloudy,4,3,5,25,3,2,4,2,1,0,4.0,1
S0377,文理学部,枫园风味食堂,文理学部,风味食堂,breakfast,4,0,hot,1,1,3,30,2,4,4,3,3,1,4.1,0
S0378,信息学部,梅园CBD,文理学部,商业/风味餐饮,dinner,7,1,sunny,5,2,2,18,3,5,4,4,5,1,4.5,0
S0379,信息学部,信息学部一食堂,信息学部,学生大伙食堂,dinner,2,0,cloudy,2,2,2,12,1,3,4,2,1,0,4.1,0
S0380,工学部,信息学部一食堂,信息学部,学生大伙食堂,breakfast,1,0,cold,2,4,2,12,3,2,5,2,1,0,3.8,0
S0381,信息学部,桂园小食,文理学部,风味食堂,dinner,2,0,cloudy,2,2,4,12,3,5,5,3,5,1,4.7,0
S0382,文理学部,湖滨风味食堂,文理学部,风味食堂,lunch,3,0,cold,4,2,3,15,1,4,5,3,4,1,4.0,0
S0383,文理学部,桂园小食,文理学部,风味食堂,breakfast,1,0,cloudy,5,1,4,35,2,5,5,3,5,1,4.3,0
S0384,信息学部,枫园学生食堂,文理学部,学生大伙食堂,lunch,3,0,sunny,2,3,3,25,3,5,4,2,2,0,3.7,0
S0385,工学部,梅园CBD,文理学部,商业/风味餐饮,breakfast,2,0,cloudy,1,3,3,20,3,4,5,4,5,1,4.2,0
S0386,医学部,桂园小食,文理学部,风味食堂,lunch,6,1,rainy,4,3,5,35,3,5,5,3,5,1,4.6,1
S0387,文理学部,工学部一食堂,工学部,学生大伙食堂,lunch,4,0,cloudy,3,2,2,30,3,3,3,2,1,0,3.7,0
S0388,文理学部,枫园风味食堂,文理学部,风味食堂,lunch,5,0,cloudy,3,2,4,25,1,4,5,3,4,1,4.1,1
S0389,信息学部,枫园风味食堂,文理学部,风味食堂,lunch,2,0,hot,3,3,3,20,3,4,4,3,4,1,3.8,0
S0390,医学部,湖滨风味食堂,文理学部,风味食堂,dinner,7,1,cloudy,4,2,3,25,3,4,4,3,5,1,4.1,0
S0391,医学部,湖滨学生食堂,文理学部,学生大伙食堂,lunch,3,0,sunny,1,2,3,20,4,5,4,2,2,0,4.3,1
S0392,工学部,桂园食堂,文理学部,学生大伙食堂,dinner,5,0,rainy,4,3,4,10,4,4,4,2,3,0,4.3,0
S0393,医学部,湖滨风味食堂,文理学部,风味食堂,lunch,4,0,cloudy,5,3,4,15,4,3,4,3,4,1,4.2,0
S0394,信息学部,星园食堂,文理学部,学生/风味餐饮区,lunch,6,1,rainy,3,2,4,12,3,5,3,3,5,1,3.9,0
S0395,工学部,信息学部一食堂,信息学部,学生大伙食堂,lunch,1,0,sunny,4,3,4,20,3,3,4,2,1,0,4.1,0
S0396,文理学部,桂园小食,文理学部,风味食堂,breakfast,2,0,rainy,3,2,2,20,2,5,5,3,5,1,4.4,0
S0397,工学部,梅园学生食堂,文理学部,学生大伙食堂,dinner,2,0,sunny,5,3,4,20,4,4,4,2,2,0,4.2,0
S0398,文理学部,桂园食堂,文理学部,学生大伙食堂,lunch,4,0,sunny,4,4,3,10,2,5,5,2,3,0,4.2,0
S0399,文理学部,湖滨风味食堂,文理学部,风味食堂,dinner,4,0,cold,3,2,4,25,1,3,3,3,3,1,4.4,0
S0400,工学部,桂园食堂,文理学部,学生大伙食堂,lunch,7,1,cold,1,3,3,15,3,4,4,2,3,0,4.4,1
S0401,文理学部,梅园学生食堂,文理学部,学生大伙食堂,lunch,1,0,hot,5,2,1,10,2,3,4,2,2,0,4.7,1
S0402,文理学部,枫园风味食堂,文理学部,风味食堂,lunch,2,0,hot,2,2,3,35,1,3,4,3,4,1,4.0,0
S0403,文理学部,桂园小食,文理学部,风味食堂,breakfast,3,0,hot,2,3,4,35,1,5,5,3,5,1,4.8,1
S0404,工学部,信息学部一食堂,信息学部,学生大伙食堂,lunch,2,0,rainy,5,3,5,20,3,4,4,2,1,0,4.0,0
S0405,信息学部,桂园食堂,文理学部,学生大伙食堂,lunch,4,0,cloudy,3,2,4,12,4,3,4,2,3,0,4.0,0
S0406,信息学部,湖滨风味食堂,文理学部,风味食堂,dinner,1,0,cloudy,2,4,3,18,3,3,3,3,3,1,4.1,0
S0407,文理学部,梅园CBD,文理学部,商业/风味餐饮,breakfast,1,0,rainy,1,4,4,20,1,5,5,4,5,1,4.4,1
S0408,文理学部,桂园食堂,文理学部,学生大伙食堂,breakfast,5,0,sunny,4,5,2,10,1,4,4,2,3,0,4.2,0
S0409,信息学部,医学部杏园食堂,医学部,学生大伙食堂,breakfast,3,0,rainy,1,2,2,10,3,1,3,2,1,0,3.8,0
S0410,医学部,梅园学生食堂,文理学部,学生大伙食堂,breakfast,5,0,rainy,3,2,1,25,3,3,5,2,2,0,4.6,0
S0411,文理学部,枫园风味食堂,文理学部,风味食堂,dinner,1,0,cloudy,1,2,4,25,2,2,4,3,3,1,4.2,1
S0412,信息学部,信息学部一食堂,信息学部,学生大伙食堂,lunch,5,0,cloudy,1,1,2,15,2,3,4,2,1,0,4.1,0
S0413,工学部,医学部杏园食堂,医学部,学生大伙食堂,breakfast,1,0,rainy,1,2,4,35,3,1,4,2,1,0,3.6,1
S0414,医学部,工学部民族食堂,工学部,清真/特色食堂,breakfast,1,0,hot,5,3,2,25,4,2,4,2,1,0,4.0,0
S0415,文理学部,桂园小食,文理学部,风味食堂,lunch,4,0,cloudy,2,3,4,25,1,4,5,3,5,1,4.6,1
S0416,文理学部,湖滨学生食堂,文理学部,学生大伙食堂,lunch,5,0,sunny,4,5,4,12,2,5,4,2,2,0,4.2,0
S0417,文理学部,梅园学生食堂,文理学部,学生大伙食堂,dinner,4,0,sunny,1,4,5,30,2,4,3,2,2,0,4.4,1
S0418,医学部,星园食堂,文理学部,学生/风味餐饮区,lunch,1,0,cloudy,4,1,3,35,3,3,4,3,4,1,3.9,0
S0419,信息学部,桂园食堂,文理学部,学生大伙食堂,dinner,7,1,rainy,1,3,4,35,4,3,4,2,3,0,4.1,0
S0420,医学部,星园食堂,文理学部,学生/风味餐饮区,lunch,4,0,hot,3,3,2,25,3,4,4,3,4,1,3.8,0
S0421,工学部,梅园CBD,文理学部,商业/风味餐饮,dinner,5,0,sunny,4,5,3,15,4,4,5,4,5,1,4.7,0
S0422,文理学部,医学部杏园食堂,医学部,学生大伙食堂,lunch,6,1,cold,3,3,3,15,4,2,3,2,1,0,3.6,0
S0423,工学部,桂园食堂,文理学部,学生大伙食堂,lunch,6,1,hot,3,5,3,35,3,4,4,2,3,0,3.9,0
S0424,文理学部,湖滨学生食堂,文理学部,学生大伙食堂,lunch,4,0,rainy,4,2,3,35,1,5,3,2,2,0,4.0,1
S0425,文理学部,梅园CBD,文理学部,商业/风味餐饮,breakfast,5,0,sunny,1,3,3,35,1,3,5,4,5,1,4.8,1
S0426,医学部,星园食堂,文理学部,学生/风味餐饮区,lunch,5,0,sunny,3,5,3,25,4,5,4,3,4,1,3.9,0
S0427,文理学部,工学部一食堂,工学部,学生大伙食堂,lunch,6,1,sunny,1,4,4,35,3,3,4,2,1,0,4.0,0
S0428,医学部,桂园小食,文理学部,风味食堂,lunch,4,0,rainy,1,3,3,20,4,5,5,3,5,1,4.8,0
S0429,工学部,梅园CBD,文理学部,商业/风味餐饮,lunch,4,0,sunny,2,4,4,35,3,5,5,4,5,1,4.6,0
S0430,文理学部,湖滨风味食堂,文理学部,风味食堂,dinner,5,0,rainy,4,2,4,10,1,4,4,3,3,1,4.3,0
S0431,文理学部,信息学部一食堂,信息学部,学生大伙食堂,dinner,6,1,sunny,3,3,3,10,4,2,4,2,1,0,3.9,0
S0432,文理学部,梅园学生食堂,文理学部,学生大伙食堂,lunch,4,0,cloudy,4,4,4,15,1,4,3,2,2,0,4.4,1
S0433,信息学部,桂园食堂,文理学部,学生大伙食堂,lunch,6,1,cloudy,2,3,3,10,4,5,5,2,3,0,4.4,0
S0434,信息学部,枫园风味食堂,文理学部,风味食堂,lunch,3,0,cold,3,4,4,12,3,4,4,3,4,1,4.0,0
S0435,工学部,星园食堂,文理学部,学生/风味餐饮区,breakfast,6,1,rainy,4,5,5,25,3,5,4,3,5,1,3.9,0
S0436,文理学部,工学部民族食堂,工学部,清真/特色食堂,lunch,3,0,cold,4,4,2,12,3,4,3,2,1,0,4.0,0
S0437,文理学部,信息学部一食堂,信息学部,学生大伙食堂,lunch,7,1,rainy,3,4,3,15,3,3,4,2,1,0,3.8,0
S0438,文理学部,枫园风味食堂,文理学部,风味食堂,breakfast,3,0,sunny,3,4,3,18,1,4,4,3,3,1,4.3,0
S0439,工学部,湖滨风味食堂,文理学部,风味食堂,lunch,6,1,cloudy,1,2,4,25,4,4,4,3,5,1,4.2,0
S0440,文理学部,湖滨风味食堂,文理学部,风味食堂,dinner,2,0,sunny,2,5,1,20,2,3,4,3,3,1,4.2,1
S0441,文理学部,信息学部二食堂,信息学部,学生大伙食堂,breakfast,2,0,cloudy,2,3,3,30,3,2,4,2,1,0,4.1,0
S0442,文理学部,信息学部二食堂,信息学部,学生大伙食堂,lunch,6,1,cloudy,3,2,5,10,4,4,4,2,1,0,4.2,0
S0443,文理学部,工学部民族食堂,工学部,清真/特色食堂,lunch,2,0,sunny,5,5,2,15,4,3,4,2,1,0,4.0,0
S0444,信息学部,梅园CBD,文理学部,商业/风味餐饮,lunch,6,1,sunny,4,2,5,10,3,5,5,4,5,1,4.7,0
S0445,工学部,梅园CBD,文理学部,商业/风味餐饮,lunch,4,0,rainy,5,3,4,35,3,5,5,4,5,1,4.8,0
S0446,文理学部,枫园学生食堂,文理学部,学生大伙食堂,lunch,7,1,hot,4,2,4,25,1,4,4,2,2,0,3.8,0
S0447,信息学部,梅园CBD,文理学部,商业/风味餐饮,dinner,2,0,sunny,3,5,4,20,3,4,5,4,5,1,4.6,0
S0448,文理学部,桂园食堂,文理学部,学生大伙食堂,lunch,3,0,sunny,4,2,4,30,1,3,3,2,3,0,4.2,1
S0449,文理学部,医学部杏园食堂,医学部,学生大伙食堂,lunch,3,0,sunny,5,2,4,15,3,2,2,2,1,0,3.7,1
S0450,文理学部,枫园学生食堂,文理学部,学生大伙食堂,lunch,6,1,sunny,3,5,3,25,1,3,4,2,2,0,3.8,1
S0451,文理学部,梅园学生食堂,文理学部,学生大伙食堂,dinner,7,1,cloudy,2,3,5,12,1,2,3,2,2,0,4.5,1
S0452,文理学部,梅园学生食堂,文理学部,学生大伙食堂,breakfast,1,0,cloudy,4,3,3,12,1,3,4,2,2,0,4.5,1
S0453,工学部,梅园CBD,文理学部,商业/风味餐饮,breakfast,3,0,cloudy,1,3,4,15,4,4,4,4,5,1,4.3,0
S0454,文理学部,湖滨学生食堂,文理学部,学生大伙食堂,breakfast,4,0,cloudy,1,3,4,12,1,3,5,2,2,0,4.3,1
S0455,文理学部,枫园学生食堂,文理学部,学生大伙食堂,breakfast,7,1,cloudy,1,3,4,30,1,3,5,2,2,0,4.0,0
S0456,文理学部,桂园食堂,文理学部,学生大伙食堂,dinner,7,1,rainy,5,3,2,20,2,3,5,2,3,0,4.3,0
S0457,工学部,桂园小食,文理学部,风味食堂,lunch,7,1,cold,4,4,4,10,3,5,5,3,5,1,4.7,0
S0458,文理学部,桂园小食,文理学部,风味食堂,breakfast,5,0,hot,5,3,2,20,2,5,5,3,5,1,4.8,1
S0459,文理学部,湖滨风味食堂,文理学部,风味食堂,lunch,5,0,cold,4,3,3,25,2,4,3,3,4,1,4.4,0
S0460,文理学部,湖滨学生食堂,文理学部,学生大伙食堂,lunch,1,0,cloudy,5,2,2,10,1,4,4,2,2,0,4.1,1
S0461,文理学部,工学部民族食堂,工学部,清真/特色食堂,dinner,3,0,cold,1,2,4,20,3,1,3,2,1,0,3.8,0
S0462,文理学部,星园食堂,文理学部,学生/风味餐饮区,dinner,6,1,sunny,3,2,3,35,1,4,3,3,5,1,3.8,0
S0463,文理学部,星园食堂,文理学部,学生/风味餐饮区,dinner,4,0,hot,2,4,3,35,1,2,4,3,3,1,3.9,1
S0464,文理学部,桂园食堂,文理学部,学生大伙食堂,lunch,1,0,rainy,3,5,4,18,2,5,3,2,3,0,4.1,1
S0465,文理学部,枫园学生食堂,文理学部,学生大伙食堂,dinner,5,0,cloudy,4,4,5,10,1,3,4,2,2,0,4.0,1
S0466,工学部,工学部一食堂,工学部,学生大伙食堂,lunch,6,1,cloudy,3,2,5,18,1,4,3,2,1,0,3.9,1
S0467,文理学部,信息学部二食堂,信息学部,学生大伙食堂,lunch,6,1,sunny,2,3,5,20,3,3,4,2,1,0,3.9,0
S0468,文理学部,湖滨风味食堂,文理学部,风味食堂,dinner,3,0,cloudy,3,2,1,15,1,3,4,3,3,1,3.9,1
S0469,文理学部,桂园小食,文理学部,风味食堂,dinner,6,1,cold,2,4,1,18,2,5,5,3,5,1,4.4,0
S0470,文理学部,桂园食堂,文理学部,学生大伙食堂,breakfast,6,1,cloudy,1,2,3,15,1,3,4,2,3,0,4.0,1
S0471,文理学部,桂园食堂,文理学部,学生大伙食堂,dinner,6,1,cloudy,2,3,3,10,1,3,3,2,3,0,4.3,1
S0472,文理学部,医学部杏园食堂,医学部,学生大伙食堂,breakfast,1,0,sunny,3,3,3,10,3,2,3,2,1,0,3.9,0
S0473,文理学部,枫园学生食堂,文理学部,学生大伙食堂,lunch,1,0,rainy,2,3,3,12,2,3,3,2,2,0,4.0,1
S0474,信息学部,枫园学生食堂,文理学部,学生大伙食堂,lunch,7,1,sunny,2,2,3,18,4,4,5,2,2,0,4.3,0
S0475,文理学部,梅园CBD,文理学部,商业/风味餐饮,breakfast,7,1,cloudy,2,3,5,20,1,5,5,4,5,1,4.5,1
S0476,文理学部,工学部一食堂,工学部,学生大伙食堂,lunch,6,1,cloudy,3,4,3,20,3,3,4,2,1,0,3.9,0
S0477,文理学部,湖滨学生食堂,文理学部,学生大伙食堂,lunch,3,0,cold,3,4,1,12,2,4,3,2,2,0,4.3,1
S0478,信息学部,桂园食堂,文理学部,学生大伙食堂,lunch,5,0,rainy,2,1,3,18,4,5,4,2,3,0,3.9,0
S0479,文理学部,工学部一食堂,工学部,学生大伙食堂,dinner,1,0,rainy,1,5,2,35,3,1,4,2,1,0,3.7,1
S0480,文理学部,工学部一食堂,工学部,学生大伙食堂,dinner,2,0,cold,3,3,3,20,3,2,4,2,1,0,4.0,0
S0481,工学部,湖滨风味食堂,文理学部,风味食堂,dinner,1,0,sunny,5,3,3,18,3,3,4,3,3,1,4.1,0
S0482,文理学部,医学部杏园食堂,医学部,学生大伙食堂,breakfast,3,0,cloudy,4,1,2,35,4,2,3,2,1,0,3.7,1
S0483,工学部,梅园学生食堂,文理学部,学生大伙食堂,dinner,7,1,sunny,1,3,2,18,3,3,5,2,2,0,4.2,0
S0484,文理学部,湖滨风味食堂,文理学部,风味食堂,lunch,7,1,sunny,3,3,2,35,2,5,4,3,5,1,4.1,0
S0485,工学部,工学部一食堂,工学部,学生大伙食堂,lunch,4,0,cold,5,1,2,20,1,3,4,2,1,0,4.2,0
S0486,文理学部,枫园风味食堂,文理学部,风味食堂,lunch,2,0,sunny,5,3,2,12,1,5,4,3,4,1,4.0,0
S0487,工学部,信息学部二食堂,信息学部,学生大伙食堂,lunch,2,0,sunny,5,5,3,35,3,2,4,2,1,0,4.4,0
S0488,文理学部,枫园学生食堂,文理学部,学生大伙食堂,lunch,1,0,rainy,4,3,2,35,1,4,4,2,2,0,4.1,0
S0489,信息学部,梅园学生食堂,文理学部,学生大伙食堂,lunch,5,0,cloudy,3,3,2,25,4,4,4,2,2,0,4.2,0
S0490,信息学部,湖滨风味食堂,文理学部,风味食堂,breakfast,2,0,cloudy,4,3,4,35,3,3,4,3,3,1,4.2,0
S0491,文理学部,枫园学生食堂,文理学部,学生大伙食堂,dinner,7,1,rainy,3,3,3,30,1,5,4,2,2,0,4.1,0
S0492,文理学部,桂园小食,文理学部,风味食堂,dinner,5,0,rainy,2,4,2,15,1,4,5,3,5,1,4.8,0
S0493,工学部,桂园食堂,文理学部,学生大伙食堂,lunch,4,0,rainy,3,5,3,18,3,4,4,2,3,0,4.3,0
S0494,信息学部,枫园风味食堂,文理学部,风味食堂,lunch,4,0,cloudy,3,4,3,35,4,3,4,3,4,1,3.9,0
S0495,信息学部,枫园风味食堂,文理学部,风味食堂,dinner,3,0,rainy,2,2,4,10,3,4,3,3,3,1,4.3,0
S0496,文理学部,医学部杏园食堂,医学部,学生大伙食堂,dinner,7,1,hot,4,4,4,30,3,2,3,2,1,0,3.5,0
S0497,文理学部,梅园学生食堂,文理学部,学生大伙食堂,dinner,3,0,cold,1,4,3,25,2,4,3,2,2,0,4.4,0
S0498,文理学部,桂园食堂,文理学部,学生大伙食堂,lunch,6,1,hot,2,2,3,12,1,3,3,2,3,0,4.1,0
S0499,文理学部,桂园小食,文理学部,风味食堂,lunch,3,0,rainy,4,3,4,20,2,5,5,3,5,1,4.4,1
S0500,文理学部,梅园学生食堂,文理学部,学生大伙食堂,lunch,2,0,cloudy,2,4,4,18,1,5,4,2,2,0,4.6,0
S0501,信息学部,工学部民族食堂,工学部,清真/特色食堂,lunch,6,1,cloudy,2,4,2,15,4,3,3,2,1,0,4.2,0
S0502,信息学部,信息学部一食堂,信息学部,学生大伙食堂,dinner,7,1,cloudy,2,4,2,25,1,1,3,2,1,0,3.9,0
S0503,文理学部,梅园学生食堂,文理学部,学生大伙食堂,breakfast,7,1,cloudy,1,3,4,15,1,3,4,2,2,0,4.4,1
S0504,工学部,桂园小食,文理学部,风味食堂,dinner,4,0,sunny,1,5,4,35,3,4,4,3,5,1,4.2,0
S0505,文理学部,信息学部一食堂,信息学部,学生大伙食堂,dinner,7,1,cloudy,5,4,5,35,3,3,4,2,1,0,4.1,0
S0506,信息学部,梅园学生食堂,文理学部,学生大伙食堂,lunch,2,0,rainy,1,3,1,25,3,5,5,2,2,0,4.6,0
S0507,医学部,梅园学生食堂,文理学部,学生大伙食堂,dinner,4,0,sunny,5,2,4,10,3,2,5,2,2,0,4.3,0
S0508,信息学部,枫园风味食堂,文理学部,风味食堂,lunch,4,0,sunny,5,2,1,18,3,4,3,3,4,1,4.1,0
S0509,文理学部,湖滨风味食堂,文理学部,风味食堂,lunch,6,1,cloudy,1,2,1,12,1,5,4,3,5,1,4.0,0
S0510,文理学部,桂园小食,文理学部,风味食堂,lunch,3,0,hot,4,3,3,35,1,5,5,3,5,1,4.6,0
S0511,工学部,湖滨学生食堂,文理学部,学生大伙食堂,lunch,1,0,rainy,1,2,4,15,3,5,4,2,2,0,3.9,1
S0512,医学部,桂园小食,文理学部,风味食堂,lunch,2,0,sunny,4,3,3,30,3,5,5,3,5,1,4.6,0
S0513,文理学部,工学部民族食堂,工学部,清真/特色食堂,dinner,5,0,rainy,5,5,4,35,3,2,2,2,1,0,3.9,0
S0514,文理学部,医学部杏园食堂,医学部,学生大伙食堂,lunch,6,1,cloudy,2,2,3,20,3,3,4,2,1,0,3.7,0
S0515,文理学部,梅园学生食堂,文理学部,学生大伙食堂,dinner,4,0,hot,2,3,3,12,1,4,5,2,2,0,4.2,0
S0516,信息学部,梅园学生食堂,文理学部,学生大伙食堂,lunch,7,1,cloudy,5,3,4,30,3,3,4,2,2,0,4.5,0
S0517,工学部,湖滨学生食堂,文理学部,学生大伙食堂,lunch,4,0,cloudy,1,3,3,20,3,4,3,2,2,0,3.8,0
S0518,医学部,湖滨风味食堂,文理学部,风味食堂,breakfast,2,0,rainy,4,3,4,30,4,3,4,3,3,1,4.0,0
S0519,医学部,桂园小食,文理学部,风味食堂,dinner,7,1,sunny,5,3,4,10,3,5,5,3,5,1,4.7,0
S0520,文理学部,工学部一食堂,工学部,学生大伙食堂,breakfast,3,0,sunny,1,3,4,20,3,3,4,2,1,0,4.0,0
S0521,文理学部,桂园食堂,文理学部,学生大伙食堂,dinner,5,0,rainy,1,1,3,25,2,3,5,2,3,0,4.2,1
S0522,文理学部,工学部一食堂,工学部,学生大伙食堂,dinner,1,0,sunny,2,4,3,15,3,2,4,2,1,0,4.2,1
S0523,文理学部,桂园食堂,文理学部,学生大伙食堂,dinner,2,0,rainy,3,3,3,35,2,4,4,2,3,0,4.1,0
S0524,医学部,枫园学生食堂,文理学部,学生大伙食堂,lunch,7,1,sunny,5,3,3,12,4,5,4,2,2,0,4.1,0
S0525,文理学部,梅园学生食堂,文理学部,学生大伙食堂,breakfast,1,0,rainy,2,4,2,35,2,4,5,2,2,0,4.0,1
S0526,文理学部,湖滨学生食堂,文理学部,学生大伙食堂,lunch,3,0,sunny,3,4,2,12,1,3,4,2,2,0,3.9,0
S0527,医学部,桂园食堂,文理学部,学生大伙食堂,dinner,2,0,sunny,4,3,4,18,4,3,4,2,3,0,4.5,0
S0528,工学部,湖滨学生食堂,文理学部,学生大伙食堂,dinner,4,0,hot,3,5,3,30,3,2,4,2,2,0,4.2,0
S0529,文理学部,梅园CBD,文理学部,商业/风味餐饮,breakfast,5,0,sunny,2,5,2,25,2,4,5,4,5,1,4.4,1
S0530,文理学部,信息学部一食堂,信息学部,学生大伙食堂,lunch,2,0,rainy,2,4,3,12,3,3,4,2,1,0,3.9,0
S0531,工学部,信息学部一食堂,信息学部,学生大伙食堂,lunch,6,1,rainy,1,4,5,10,3,3,3,2,1,0,4.2,0
S0532,信息学部,桂园小食,文理学部,风味食堂,lunch,2,0,cloudy,4,3,2,20,3,5,5,3,5,1,4.6,1
S0533,文理学部,梅园学生食堂,文理学部,学生大伙食堂,dinner,6,1,cloudy,3,3,1,35,2,4,4,2,2,0,4.1,1
S0534,文理学部,梅园CBD,文理学部,商业/风味餐饮,dinner,1,0,sunny,3,3,4,20,1,3,5,4,5,1,4.6,1
S0535,工学部,桂园小食,文理学部,风味食堂,dinner,7,1,sunny,2,3,5,18,3,5,5,3,5,1,4.4,0
S0536,工学部,湖滨风味食堂,文理学部,风味食堂,dinner,5,0,hot,3,2,4,18,4,4,4,3,3,1,4.4,0
S0537,医学部,桂园食堂,文理学部,学生大伙食堂,lunch,3,0,cloudy,1,2,3,15,3,3,3,2,3,0,4.1,0
S0538,文理学部,信息学部二食堂,信息学部,学生大伙食堂,dinner,7,1,cold,5,4,4,18,3,3,4,2,1,0,4.3,0
S0539,文理学部,湖滨风味食堂,文理学部,风味食堂,dinner,2,0,hot,4,4,5,35,1,2,5,3,3,1,4.4,1
S0540,工学部,梅园学生食堂,文理学部,学生大伙食堂,lunch,1,0,cold,4,1,3,15,4,4,4,2,2,0,4.2,0
S0541,信息学部,梅园学生食堂,文理学部,学生大伙食堂,lunch,4,0,cloudy,5,4,3,12,3,3,5,2,2,0,4.3,0
S0542,文理学部,枫园学生食堂,文理学部,学生大伙食堂,breakfast,6,1,sunny,4,3,4,15,2,4,4,2,2,0,4.0,0
S0543,信息学部,梅园学生食堂,文理学部,学生大伙食堂,lunch,1,0,cloudy,5,4,4,30,3,5,4,2,2,0,4.5,0
S0544,工学部,工学部民族食堂,工学部,清真/特色食堂,dinner,4,0,cloudy,1,4,4,25,1,1,3,2,1,0,3.6,0
S0545,文理学部,信息学部二食堂,信息学部,学生大伙食堂,dinner,7,1,cloudy,2,3,3,12,3,3,3,2,1,0,4.1,0
S0546,医学部,湖滨学生食堂,文理学部,学生大伙食堂,dinner,5,0,sunny,1,4,4,20,3,3,5,2,2,0,4.2,0
S0547,文理学部,湖滨学生食堂,文理学部,学生大伙食堂,dinner,3,0,cloudy,2,3,3,25,2,4,4,2,2,0,4.1,0
S0548,文理学部,信息学部二食堂,信息学部,学生大伙食堂,lunch,2,0,cloudy,2,1,3,18,4,2,4,2,1,0,4.3,1
S0549,信息学部,桂园小食,文理学部,风味食堂,dinner,6,1,cloudy,2,4,4,15,4,5,5,3,5,1,4.3,0
S0550,信息学部,梅园学生食堂,文理学部,学生大伙食堂,lunch,6,1,sunny,5,5,4,15,3,4,4,2,2,0,4.3,0
S0551,信息学部,梅园CBD,文理学部,商业/风味餐饮,lunch,2,0,cloudy,1,3,1,15,3,4,4,4,5,1,4.7,0
S0552,医学部,信息学部二食堂,信息学部,学生大伙食堂,lunch,3,0,cloudy,2,3,4,18,3,4,3,2,1,0,4.1,0
S0553,信息学部,枫园风味食堂,文理学部,风味食堂,lunch,6,1,cloudy,2,1,4,12,3,5,4,3,5,1,3.8,0
S0554,文理学部,梅园学生食堂,文理学部,学生大伙食堂,lunch,1,0,sunny,1,3,3,12,1,3,5,2,2,0,4.3,0
S0555,医学部,湖滨学生食堂,文理学部,学生大伙食堂,breakfast,1,0,sunny,2,3,3,35,3,3,3,2,2,0,4.3,1
S0556,工学部,枫园学生食堂,文理学部,学生大伙食堂,dinner,4,0,hot,1,4,4,18,3,3,5,2,2,0,4.1,0
S0557,文理学部,梅园CBD,文理学部,商业/风味餐饮,lunch,6,1,cloudy,2,2,3,15,1,5,4,4,5,1,4.5,0
S0558,文理学部,梅园学生食堂,文理学部,学生大伙食堂,dinner,3,0,cold,2,4,1,15,1,3,4,2,2,0,4.5,1
S0559,医学部,湖滨学生食堂,文理学部,学生大伙食堂,lunch,7,1,rainy,1,4,4,15,4,4,4,2,2,0,3.9,0
S0560,医学部,信息学部二食堂,信息学部,学生大伙食堂,dinner,7,1,rainy,3,4,4,30,3,1,4,2,1,0,4.2,1
S0561,文理学部,星园食堂,文理学部,学生/风味餐饮区,breakfast,5,0,sunny,3,2,3,25,1,3,3,3,3,1,4.3,1
S0562,文理学部,湖滨学生食堂,文理学部,学生大伙食堂,dinner,5,0,sunny,1,3,3,18,2,4,3,2,2,0,4.3,1
S0563,文理学部,桂园小食,文理学部,风味食堂,lunch,7,1,cloudy,2,3,4,30,2,5,5,3,5,1,4.7,1
S0564,工学部,桂园食堂,文理学部,学生大伙食堂,breakfast,4,0,cloudy,3,4,5,15,3,4,4,2,3,0,4.2,1
S0565,文理学部,枫园学生食堂,文理学部,学生大伙食堂,lunch,7,1,hot,3,4,2,18,1,4,4,2,2,0,4.0,1
S0566,信息学部,枫园风味食堂,文理学部,风味食堂,lunch,1,0,rainy,4,1,2,30,3,5,4,3,4,1,4.1,0
S0567,文理学部,梅园学生食堂,文理学部,学生大伙食堂,lunch,6,1,cloudy,1,3,4,25,1,4,3,2,2,0,4.7,1
S0568,文理学部,桂园小食,文理学部,风味食堂,dinner,6,1,cold,5,2,5,10,1,5,5,3,5,1,4.8,0
S0569,工学部,湖滨风味食堂,文理学部,风味食堂,dinner,5,0,rainy,5,2,3,35,3,4,5,3,3,1,4.2,0
S0570,信息学部,工学部民族食堂,工学部,清真/特色食堂,lunch,7,1,sunny,1,4,3,30,3,4,3,2,1,0,3.6,0
S0571,文理学部,湖滨风味食堂,文理学部,风味食堂,lunch,5,0,cold,2,2,4,18,1,5,4,3,4,1,4.5,0
S0572,医学部,梅园CBD,文理学部,商业/风味餐饮,dinner,7,1,sunny,2,2,5,20,3,5,5,4,5,1,4.3,1
S0573,信息学部,桂园食堂,文理学部,学生大伙食堂,dinner,1,0,cloudy,1,3,2,20,3,4,4,2,3,0,4.0,0
S0574,文理学部,桂园食堂,文理学部,学生大伙食堂,lunch,3,0,cloudy,2,4,3,35,1,3,3,2,3,0,4.2,0
S0575,医学部,工学部一食堂,工学部,学生大伙食堂,breakfast,1,0,cloudy,1,3,3,35,3,2,4,2,1,0,4.2,0
S0576,文理学部,湖滨学生食堂,文理学部,学生大伙食堂,lunch,5,0,cold,2,3,3,25,2,3,4,2,2,0,4.0,1
S0577,工学部,工学部一食堂,工学部,学生大伙食堂,breakfast,2,0,sunny,3,5,1,30,2,3,4,2,1,0,4.2,0
S0578,信息学部,梅园学生食堂,文理学部,学生大伙食堂,dinner,4,0,hot,2,3,2,20,4,4,4,2,2,0,4.8,0
S0579,信息学部,信息学部一食堂,信息学部,学生大伙食堂,dinner,4,0,sunny,3,4,2,20,2,2,4,2,1,0,4.3,1
S0580,文理学部,信息学部二食堂,信息学部,学生大伙食堂,lunch,1,0,rainy,5,3,4,35,3,2,4,2,1,0,4.2,1
S0581,医学部,湖滨风味食堂,文理学部,风味食堂,dinner,4,0,cloudy,2,2,2,35,3,4,4,3,3,1,4.3,0
S0582,文理学部,梅园CBD,文理学部,商业/风味餐饮,dinner,4,0,cold,4,5,3,35,1,4,5,4,5,1,4.4,0
S0583,工学部,枫园风味食堂,文理学部,风味食堂,lunch,3,0,cold,3,4,3,35,3,5,4,3,4,1,4.0,0
S0584,文理学部,桂园小食,文理学部,风味食堂,lunch,7,1,sunny,3,3,4,15,2,5,5,3,5,1,4.8,1
S0585,文理学部,桂园食堂,文理学部,学生大伙食堂,breakfast,2,0,cold,2,1,3,15,1,4,4,2,3,0,4.0,1
S0586,工学部,桂园食堂,文理学部,学生大伙食堂,breakfast,3,0,cold,4,1,2,35,3,3,3,2,3,0,4.2,0
S0587,文理学部,桂园食堂,文理学部,学生大伙食堂,lunch,2,0,sunny,1,3,3,15,2,4,3,2,3,0,3.9,0
S0588,医学部,桂园食堂,文理学部,学生大伙食堂,lunch,1,0,rainy,1,3,2,30,3,5,4,2,3,0,3.7,0
S0589,文理学部,工学部民族食堂,工学部,清真/特色食堂,breakfast,4,0,sunny,3,3,1,30,4,2,3,2,1,0,4.1,0
S0590,文理学部,枫园学生食堂,文理学部,学生大伙食堂,dinner,6,1,sunny,3,2,3,18,1,3,5,2,2,0,4.0,0
S0591,文理学部,桂园小食,文理学部,风味食堂,breakfast,3,0,sunny,2,4,3,35,1,3,5,3,5,1,4.7,0
S0592,工学部,星园食堂,文理学部,学生/风味餐饮区,dinner,6,1,sunny,1,2,3,30,4,3,5,3,5,1,3.9,1
S0593,文理学部,工学部民族食堂,工学部,清真/特色食堂,breakfast,3,0,sunny,5,3,4,12,4,2,3,2,1,0,4.2,0
S0594,工学部,工学部一食堂,工学部,学生大伙食堂,lunch,7,1,sunny,2,2,3,30,2,2,4,2,1,0,4.2,1
S0595,文理学部,湖滨学生食堂,文理学部,学生大伙食堂,dinner,4,0,rainy,1,3,3,12,1,3,4,2,2,0,3.8,1
S0596,信息学部,信息学部二食堂,信息学部,学生大伙食堂,dinner,7,1,cold,3,3,4,12,1,2,3,2,1,0,3.9,1
S0597,医学部,工学部一食堂,工学部,学生大伙食堂,dinner,2,0,cloudy,1,4,4,15,4,3,5,2,1,0,4.1,0
S0598,文理学部,工学部民族食堂,工学部,清真/特色食堂,breakfast,7,1,sunny,3,2,4,18,4,3,3,2,1,0,3.7,0
S0599,文理学部,桂园食堂,文理学部,学生大伙食堂,lunch,2,0,cloudy,2,5,2,12,1,4,4,2,3,0,4.3,0
S0600,文理学部,梅园CBD,文理学部,商业/风味餐饮,lunch,3,0,sunny,3,1,2,30,1,5,5,4,5,1,4.7,0
